Tue May 30 08:11:51 2023;O funcionario Maria Raquel Marques Oliveira
 saiu da caixa 17.;
Tue May 30 08:11:51 2023;O funcionario Ana Filipa Castanho Ferreira
 saiu da caixa 18.;
Tue May 30 08:11:51 2023;O funcionario Francisca Margarida Costa saiu da caixa 19.;
Tue May 30 08:11:51 2023;Produto 50179, Chourico Mouro Beira Beixa [marcaBé!] 200 G, com o preco de 1.890000 foi oferecido!;
Tue May 30 08:11:51 2023;Cliente n 179430 saiu do supermercado;
Tue May 30 08:11:51 2023;Cliente n 179430 saiu da fila da caixa 17;
Tue May 30 08:11:51 2023;Produto 51035, Bolachas Aros Cobertas Choco Branco [marcaBé!] 150 G, com o preco de 0.740000 foi oferecido!;
Tue May 30 08:11:51 2023;Cliente n 475174 saiu do supermercado;
Tue May 30 08:11:51 2023;Cliente n 475174 saiu da fila da caixa 17;
Tue May 30 08:11:51 2023;Produto 50554, Morango/Chocolate [marcaBé!] 40G, com o preco de 1.790000 foi oferecido!;
Tue May 30 08:11:51 2023;Cliente n 858756 saiu do supermercado;
Tue May 30 08:11:51 2023;Cliente n 858756 saiu da fila da caixa 17;
Tue May 30 08:11:51 2023;Caixa 17 fechada!;
Tue May 30 08:11:51 2023;Produto 50883, Pao De Forma Normal [marcaBé!] 460 G, com o preco de 1.290000 foi oferecido!;
Tue May 30 08:11:51 2023;Cliente n 219076 saiu do supermercado;
Tue May 30 08:11:51 2023;Cliente n 219076 saiu da fila da caixa 17;
Tue May 30 08:11:51 2023;Produto 51083, Bolo Laranja [marcaBé!] 400 G, com o preco de 2.290000 foi oferecido!;
Tue May 30 08:11:51 2023;Cliente n 562655 saiu do supermercado;
Tue May 30 08:11:51 2023;Cliente n 562655 saiu da fila da caixa 17;
Tue May 30 08:11:51 2023;Produto 50779, Pickles [marcaBé!] 350 G #, com o preco de 0.780000 foi oferecido!;
Tue May 30 08:11:51 2023;Cliente n 181703 saiu do supermercado;
Tue May 30 08:11:51 2023;Cliente n 181703 saiu da fila da caixa 17;
Tue May 30 08:11:51 2023;Produto 50221, Chouriço De Carne Extra Picante [marcaBé!] 250 G, com o preco de 2.150000 foi oferecido!;
Tue May 30 08:11:51 2023;Cliente n 281939 saiu do supermercado;
Tue May 30 08:11:51 2023;Cliente n 281939 saiu da fila da caixa 17;
Tue May 30 08:11:51 2023;Produto 50813, Ferradura Chocolate Un Refº [marcaBé!] 45260, com o preco de 1.050000 foi oferecido!;
Tue May 30 08:11:51 2023;Cliente n 328047 saiu do supermercado;
Tue May 30 08:11:51 2023;Cliente n 328047 saiu da fila da caixa 17;
Tue May 30 08:11:51 2023;Produto 50970, Torta Recheio Sabor A Morango [marcaBé!] 300Gr, com o preco de 0.990000 foi oferecido!;
Tue May 30 08:11:51 2023;Cliente n 505556 saiu do supermercado;
Tue May 30 08:11:51 2023;Cliente n 505556 saiu da fila da caixa 17;
Tue May 30 08:11:51 2023;Produto 50818, Pao De Deus [marcaBé!] 2 Un, com o preco de 1.200000 foi oferecido!;
Tue May 30 08:11:51 2023;Cliente n 897180 saiu do supermercado;
Tue May 30 08:11:51 2023;Cliente n 897180 saiu da fila da caixa 17;
Tue May 30 08:11:51 2023;Produto 50340, Fiambre Da Perna Extra Fatiado [marcaBé!] 110 G, com o preco de 1.490000 foi oferecido!;
Tue May 30 08:11:51 2023;Cliente n 563029 saiu do supermercado;
Tue May 30 08:11:51 2023;Cliente n 563029 saiu da fila da caixa 17;
Tue May 30 08:11:51 2023;Produto 50418, Caju Frito C/Sal [marcaBé!] 125 G, com o preco de 2.690000 foi oferecido!;
Tue May 30 08:11:51 2023;Cliente n 229425 saiu do supermercado;
Tue May 30 08:11:51 2023;Cliente n 229425 saiu da fila da caixa 17;
Tue May 30 08:11:51 2023;Produto 50442, Côco Fresco Kg [marcaBé!], com o preco de 4.290000 foi oferecido!;
Tue May 30 08:11:51 2023;Cliente n 478462 saiu do supermercado;
Tue May 30 08:11:51 2023;Cliente n 478462 saiu da fila da caixa 17;
Tue May 30 08:11:51 2023;Produto 50613, Toranja Vermelha Kg # [marcaBé!], com o preco de 1.490000 foi oferecido!;
Tue May 30 08:11:51 2023;Cliente n 887575 saiu do supermercado;
Tue May 30 08:11:51 2023;Cliente n 887575 saiu da fila da caixa 17;
Tue May 30 08:11:51 2023;Produto 50470, Limão Bio [marcaBé!] 500G Un, com o preco de 1.990000 foi oferecido!;
Tue May 30 08:11:51 2023;Cliente n 267566 saiu do supermercado;
Tue May 30 08:11:51 2023;Cliente n 267566 saiu da fila da caixa 17;
Tue May 30 08:11:51 2023;Produto 50371, Amendoim C/Casca Torrado [marcaBé!] 500 Gr, com o preco de 1.990000 foi oferecido!;
Tue May 30 08:11:51 2023;Cliente n 84340 saiu do supermercado;
Tue May 30 08:11:51 2023;Cliente n 84340 saiu da fila da caixa 17;
Tue May 30 08:11:51 2023;Produto 50606, Sultanas Dourada [marcaBé!] 250 G, com o preco de 1.590000 foi oferecido!;
Tue May 30 08:11:51 2023;Cliente n 589213 saiu do supermercado;
Tue May 30 08:11:51 2023;Cliente n 589213 saiu da fila da caixa 17;
Tue May 30 08:11:51 2023;Produto 50857, Pao Da Casa Kg Fabrico Próprio [marcaBé!], com o preco de 2.390000 foi oferecido!;
Tue May 30 08:11:51 2023;Cliente n 849938 saiu do supermercado;
Tue May 30 08:11:51 2023;Cliente n 849938 saiu da fila da caixa 17;
Tue May 30 08:11:51 2023;Produto 50166, Chouricao Kg [marcaBé!], com o preco de 11.990000 foi oferecido!;
Tue May 30 08:11:51 2023;Cliente n 353012 saiu do supermercado;
Tue May 30 08:11:51 2023;Cliente n 353012 saiu da fila da caixa 17;
Tue May 30 08:11:51 2023;Produto 50308, Farinheira De Porco Preto [marcaBé!] 150 G, com o preco de 1.390000 foi oferecido!;
Tue May 30 08:11:51 2023;Cliente n 170426 saiu do supermercado;
Tue May 30 08:11:51 2023;Cliente n 170426 saiu da fila da caixa 17;
Tue May 30 08:11:51 2023;Produto 50739, Batata Roxa 24-45 Mm [marcaBé!] 700 G, com o preco de 2.290000 foi oferecido!;
Tue May 30 08:11:51 2023;Cliente n 242055 saiu do supermercado;
Tue May 30 08:11:51 2023;Cliente n 242055 saiu da fila da caixa 17;
Tue May 30 08:11:51 2023;Produto 50754, Beringela Kg # [marcaBé!], com o preco de 1.540000 foi oferecido!;
Tue May 30 08:11:51 2023;Cliente n 530509 saiu do supermercado;
Tue May 30 08:11:51 2023;Cliente n 530509 saiu da fila da caixa 17;
Tue May 30 08:11:51 2023;Produto 50468, Laranja Kg [marcaBé!], com o preco de 1.290000 foi oferecido!;
Tue May 30 08:11:51 2023;Cliente n 57871 saiu do supermercado;
Tue May 30 08:11:51 2023;Cliente n 57871 saiu da fila da caixa 17;
Tue May 30 08:11:51 2023;Produto 50642, Tomate Cherry Negro Kg [marcaBé!], com o preco de 3.490000 foi oferecido!;
Tue May 30 08:11:51 2023;Cliente n 390362 saiu do supermercado;
Tue May 30 08:11:51 2023;Cliente n 390362 saiu da fila da caixa 17;
Tue May 30 08:11:51 2023;Produto 50626, Azeitona Verde Pet [marcaBé!] 800 G, com o preco de 4.790000 foi oferecido!;
Tue May 30 08:11:51 2023;Cliente n 220055 saiu do supermercado;
Tue May 30 08:11:51 2023;Cliente n 220055 saiu da fila da caixa 17;
Tue May 30 08:11:51 2023;Produto 50931, Bolacha Maria Leche [marcaBé!] 4X200g, com o preco de 1.590000 foi oferecido!;
Tue May 30 08:11:51 2023;Cliente n 222909 saiu do supermercado;
Tue May 30 08:11:51 2023;Cliente n 222909 saiu da fila da caixa 17;
Tue May 30 08:11:51 2023;Produto 51010, Lagartos [marcaBé!] 300 Gr, com o preco de 1.290000 foi oferecido!;
Tue May 30 08:11:51 2023;Cliente n 524889 saiu do supermercado;
Tue May 30 08:11:51 2023;Cliente n 524889 saiu da fila da caixa 17;
Tue May 30 08:11:51 2023;Produto 50718, Cogumelos Para Rechear Cvt [marcaBé!] 250G, com o preco de 1.690000 foi oferecido!;
Tue May 30 08:11:51 2023;Cliente n 24076 saiu do supermercado;
Tue May 30 08:11:51 2023;Cliente n 24076 saiu da fila da caixa 17;
Tue May 30 08:11:51 2023;Produto 50676, Azeitonas Verdes Rech.C/Anchova Selecção [marcaBé!] 150 G, com o preco de 1.690000 foi oferecido!;
Tue May 30 08:11:51 2023;Cliente n 584677 saiu do supermercado;
Tue May 30 08:11:51 2023;Cliente n 584677 saiu da fila da caixa 17;
Tue May 30 08:11:51 2023;Produto 50758, Tomate Sulcado Kg [marcaBé!], com o preco de 2.790000 foi oferecido!;
Tue May 30 08:11:51 2023;Cliente n 726998 saiu do supermercado;
Tue May 30 08:11:51 2023;Cliente n 726998 saiu da fila da caixa 17;
Tue May 30 08:11:51 2023;Produto 50722, Azeitonas Oxidada Frasco [marcaBé!] 210 Gr, com o preco de 1.540000 foi oferecido!;
Tue May 30 08:11:51 2023;Cliente n 85367 saiu do supermercado;
Tue May 30 08:11:51 2023;Cliente n 85367 saiu da fila da caixa 17;
Tue May 30 08:11:51 2023;Produto 50190, Chouriça Fatiada [marcaBé!] 80G, com o preco de 1.590000 foi oferecido!;
Tue May 30 08:11:51 2023;Cliente n 740913 saiu do supermercado;
Tue May 30 08:11:51 2023;Cliente n 740913 saiu da fila da caixa 17;
Tue May 30 08:11:51 2023;Produto 50445, Fava C/ Sal [marcaBé!] 250 G, com o preco de 1.490000 foi oferecido!;
Tue May 30 08:11:51 2023;Cliente n 26584 saiu do supermercado;
Tue May 30 08:11:51 2023;Cliente n 26584 saiu da fila da caixa 18;
Tue May 30 08:11:51 2023;Produto 50312, Farinheira Receita Tradicional [marcaBé!] 200 G, com o preco de 2.090000 foi oferecido!;
Tue May 30 08:11:51 2023;Cliente n 331038 saiu do supermercado;
Tue May 30 08:11:51 2023;Cliente n 331038 saiu da fila da caixa 18;
Tue May 30 08:11:51 2023;Produto 50673, Tomate Kg [marcaBé!], com o preco de 1.290000 foi oferecido!;
Tue May 30 08:11:51 2023;Cliente n 586038 saiu do supermercado;
Tue May 30 08:11:51 2023;Cliente n 586038 saiu da fila da caixa 18;
Tue May 30 08:11:51 2023;Caixa 18 fechada!;
Tue May 30 08:11:51 2023;Produto 50727, Azeitonas Verdes Recheadas C/Pimento [marcaBé!] 150G, com o preco de 1.990000 foi oferecido!;
Tue May 30 08:11:51 2023;Cliente n 272902 saiu do supermercado;
Tue May 30 08:11:51 2023;Cliente n 272902 saiu da fila da caixa 18;
Tue May 30 08:11:51 2023;Produto 50475, Mamão Kg # [marcaBé!], com o preco de 3.480000 foi oferecido!;
Tue May 30 08:11:51 2023;Cliente n 508768 saiu do supermercado;
Tue May 30 08:11:51 2023;Cliente n 508768 saiu da fila da caixa 18;
Tue May 30 08:11:51 2023;Produto 50129, Bacon Extr.Fatiado Preço Amigo [marcaBé!] 80G, com o preco de 0.980000 foi oferecido!;
Tue May 30 08:11:51 2023;Cliente n 925892 saiu do supermercado;
Tue May 30 08:11:51 2023;Cliente n 925892 saiu da fila da caixa 18;
Tue May 30 08:11:51 2023;Produto 50824, Croissant Doce De Ovos [marcaBé!] 2 Und, com o preco de 1.400000 foi oferecido!;
Tue May 30 08:11:51 2023;Cliente n 708557 saiu do supermercado;
Tue May 30 08:11:51 2023;Cliente n 708557 saiu da fila da caixa 18;
Tue May 30 08:11:51 2023;Produto 50643, Feijão Verde Kg # [marcaBé!], com o preco de 1.890000 foi oferecido!;
Tue May 30 08:11:51 2023;Cliente n 406722 saiu do supermercado;
Tue May 30 08:11:51 2023;Cliente n 406722 saiu da fila da caixa 18;
Tue May 30 08:11:51 2023;Produto 51060, Bolacha Rech Laranja Cober/Choc [marcaBé!] 150G #, com o preco de 0.780000 foi oferecido!;
Tue May 30 08:11:51 2023;Cliente n 444750 saiu do supermercado;
Tue May 30 08:11:51 2023;Cliente n 444750 saiu da fila da caixa 18;
Tue May 30 08:11:51 2023;Produto 50620, Azeitonas Snacking Estilo Andaluz [marcaBé!] 70 G, com o preco de 1.480000 foi oferecido!;
Tue May 30 08:11:51 2023;Cliente n 154344 saiu do supermercado;
Tue May 30 08:11:51 2023;Cliente n 154344 saiu da fila da caixa 18;
Tue May 30 08:11:51 2023;Produto 50276, Chourição Castelhano Fatias [marcaBé!] 120 G, com o preco de 3.090000 foi oferecido!;
Tue May 30 08:11:51 2023;Cliente n 610894 saiu do supermercado;
Tue May 30 08:11:51 2023;Cliente n 610894 saiu da fila da caixa 18;
Tue May 30 08:11:51 2023;Produto 50604, Spirulina [marcaBé!] 150 G, com o preco de 7.800000 foi oferecido!;
Tue May 30 08:11:51 2023;Cliente n 180460 saiu do supermercado;
Tue May 30 08:11:51 2023;Cliente n 180460 saiu da fila da caixa 18;
Tue May 30 08:11:51 2023;Produto 50433, Chlorella Em Pó [marcaBé!] 150 G, com o preco de 9.900000 foi oferecido!;
Tue May 30 08:11:51 2023;Cliente n 834854 saiu do supermercado;
Tue May 30 08:11:51 2023;Cliente n 834854 saiu da fila da caixa 18;
Tue May 30 08:11:51 2023;Produto 50774, Couve Bróculo Bio Emb Kg [marcaBé!], com o preco de 4.290000 foi oferecido!;
Tue May 30 08:11:51 2023;Cliente n 696027 saiu do supermercado;
Tue May 30 08:11:51 2023;Cliente n 696027 saiu da fila da caixa 18;
Tue May 30 08:11:51 2023;Produto 50281, Churrasco De Porco Preto Retractil [marcaBé!] 300 G, com o preco de 4.990000 foi oferecido!;
Tue May 30 08:11:51 2023;Cliente n 851079 saiu do supermercado;
Tue May 30 08:11:51 2023;Cliente n 851079 saiu da fila da caixa 18;
Tue May 30 08:11:51 2023;Produto 50427, Cana De Açúcar Kg [marcaBé!], com o preco de 2.890000 foi oferecido!;
Tue May 30 08:11:51 2023;Cliente n 452781 saiu do supermercado;
Tue May 30 08:11:51 2023;Cliente n 452781 saiu da fila da caixa 18;
Tue May 30 08:11:51 2023;Produto 50967, Bolachas Digestive Chocolate [marcaBé!] 300 G, com o preco de 0.980000 foi oferecido!;
Tue May 30 08:11:51 2023;Cliente n 124879 saiu do supermercado;
Tue May 30 08:11:51 2023;Cliente n 124879 saiu da fila da caixa 18;
Tue May 30 08:11:51 2023;Produto 50672, Batata Portuguesa [marcaBé!] ( Saco 3 Kg ). Kg, com o preco de 1.180000 foi oferecido!;
Tue May 30 08:11:51 2023;Cliente n 176326 saiu do supermercado;
Tue May 30 08:11:51 2023;Cliente n 176326 saiu da fila da caixa 18;
Tue May 30 08:11:51 2023;Produto 50122, Bacon Fumado Trad [marcaBé!] 280G, com o preco de 3.990000 foi oferecido!;
Tue May 30 08:11:51 2023;Cliente n 176092 saiu do supermercado;
Tue May 30 08:11:51 2023;Cliente n 176092 saiu da fila da caixa 18;
Tue May 30 08:11:51 2023;Produto 50872, Pao De Forma 500 G + [marcaBé!] 20% Gratis, com o preco de 1.590000 foi oferecido!;
Tue May 30 08:11:51 2023;Cliente n 421360 saiu do supermercado;
Tue May 30 08:11:51 2023;Cliente n 421360 saiu da fila da caixa 18;
Tue May 30 08:11:51 2023;Produto 51052, Bolacha Granpavesi C/Sal [marcaBé!] 560 G, com o preco de 2.870000 foi oferecido!;
Tue May 30 08:11:51 2023;Cliente n 387976 saiu do supermercado;
Tue May 30 08:11:51 2023;Cliente n 387976 saiu da fila da caixa 18;
Tue May 30 08:11:51 2023;Produto 50796, Tartelete Folhada Maçã Un [marcaBé!], com o preco de 0.560000 foi oferecido!;
Tue May 30 08:11:51 2023;Cliente n 316633 saiu do supermercado;
Tue May 30 08:11:51 2023;Cliente n 316633 saiu da fila da caixa 18;
Tue May 30 08:11:51 2023;Produto 50275, Chourição Gran Doblon Fat Tapas [marcaBé!] 80 G, com o preco de 1.090000 foi oferecido!;
Tue May 30 08:11:51 2023;Cliente n 628202 saiu do supermercado;
Tue May 30 08:11:51 2023;Cliente n 628202 saiu da fila da caixa 18;
Tue May 30 08:11:51 2023;Produto 50100, Alheira Detinha Corrente Emb. [marcaBé!] 200 G, com o preco de 1.150000 foi oferecido!;
Tue May 30 08:11:51 2023;Cliente n 908594 saiu do supermercado;
Tue May 30 08:11:51 2023;Cliente n 908594 saiu da fila da caixa 18;
Tue May 30 08:11:51 2023;Produto 50325, Fiambre Corrente Fatias Sd [marcaBé!] 200 Gr, com o preco de 0.740000 foi oferecido!;
Tue May 30 08:11:51 2023;Cliente n 339179 saiu do supermercado;
Tue May 30 08:11:51 2023;Cliente n 339179 saiu da fila da caixa 18;
Tue May 30 08:11:51 2023;Produto 50292, Entremeada Salgada [marcaBé!] 250Gr, com o preco de 3.490000 foi oferecido!;
Tue May 30 08:11:51 2023;Cliente n 506889 saiu do supermercado;
Tue May 30 08:11:51 2023;Cliente n 506889 saiu da fila da caixa 19;
Tue May 30 08:11:51 2023;Produto 50767, Azeitona Verde Fatiada [marcaBé!] 360 G, com o preco de 1.700000 foi oferecido!;
Tue May 30 08:11:51 2023;Cliente n 750215 saiu do supermercado;
Tue May 30 08:11:51 2023;Cliente n 750215 saiu da fila da caixa 19;
Tue May 30 08:11:51 2023;Produto 51082, Bolacha Krit Minions [marcaBé!] 175 G, com o preco de 1.000000 foi oferecido!;
Tue May 30 08:11:51 2023;Cliente n 177520 saiu do supermercado;
Tue May 30 08:11:51 2023;Cliente n 177520 saiu da fila da caixa 19;
Tue May 30 08:11:51 2023;Caixa 19 fechada!;
Tue May 30 08:11:51 2023;Produto 50660, Salteado De Legumes [marcaBé!] 600 G, com o preco de 1.390000 foi oferecido!;
Tue May 30 08:11:51 2023;Cliente n 572109 saiu do supermercado;
Tue May 30 08:11:51 2023;Cliente n 572109 saiu da fila da caixa 19;
Tue May 30 08:11:51 2023;Produto 50493, Maçã Jonagold Alcobaça Kg [marcaBé!], com o preco de 1.690000 foi oferecido!;
Tue May 30 08:11:51 2023;Cliente n 722293 saiu do supermercado;
Tue May 30 08:11:51 2023;Cliente n 722293 saiu da fila da caixa 19;
Tue May 30 08:11:51 2023;Produto 50653, Pickles [marcaBé!] 345 G, com o preco de 1.140000 foi oferecido!;
Tue May 30 08:11:51 2023;Cliente n 634582 saiu do supermercado;
Tue May 30 08:11:51 2023;Cliente n 634582 saiu da fila da caixa 19;
Tue May 30 08:11:51 2023;Produto 50527, Miolo De Noz Pedaços [marcaBé!] 150 G, com o preco de 2.190000 foi oferecido!;
Tue May 30 08:11:51 2023;Cliente n 226003 saiu do supermercado;
Tue May 30 08:11:51 2023;Cliente n 226003 saiu da fila da caixa 19;
Tue May 30 08:11:51 2023;Produto 50180, Chourico Corrente [marcaBé!] 200 G, com o preco de 1.600000 foi oferecido!;
Tue May 30 08:11:51 2023;Cliente n 704419 saiu do supermercado;
Tue May 30 08:11:51 2023;Cliente n 704419 saiu da fila da caixa 19;
Tue May 30 08:11:51 2023;Produto 50235, Chouriço [marcaBé!] 180 Gr, com o preco de 1.000000 foi oferecido!;
Tue May 30 08:11:51 2023;Cliente n 868174 saiu do supermercado;
Tue May 30 08:11:51 2023;Cliente n 868174 saiu da fila da caixa 19;
Tue May 30 08:11:51 2023;Produto 50543, Mistura Para Guacamole [marcaBé!] 500G, com o preco de 5.990000 foi oferecido!;
Tue May 30 08:11:51 2023;Cliente n 819151 saiu do supermercado;
Tue May 30 08:11:51 2023;Cliente n 819151 saiu da fila da caixa 19;
Tue May 30 08:11:51 2023;Produto 50651, Azeitona Verde S/Caroço [marcaBé!] 291/320 Taça Pl520 Gr, com o preco de 1.990000 foi oferecido!;
Tue May 30 08:11:51 2023;Cliente n 464627 saiu do supermercado;
Tue May 30 08:11:51 2023;Cliente n 464627 saiu da fila da caixa 19;
Tue May 30 08:11:51 2023;Produto 50770, Pleuroto Kg # [marcaBé!], com o preco de 6.890000 foi oferecido!;
Tue May 30 08:11:51 2023;Cliente n 837855 saiu do supermercado;
Tue May 30 08:11:51 2023;Cliente n 837855 saiu da fila da caixa 19;
Tue May 30 08:11:51 2023;Produto 50589, Sementes Girassol.Sesamo. Chia [marcaBé!] 150G, com o preco de 1.480000 foi oferecido!;
Tue May 30 08:11:51 2023;Cliente n 344158 saiu do supermercado;
Tue May 30 08:11:51 2023;Cliente n 344158 saiu da fila da caixa 19;
Tue May 30 08:11:51 2023;Produto 50266, Chouriço Regio Ouro Kg [marcaBé!], com o preco de 17.490000 foi oferecido!;
Tue May 30 08:11:51 2023;Cliente n 188557 saiu do supermercado;
Tue May 30 08:11:51 2023;Cliente n 188557 saiu da fila da caixa 19;
Tue May 30 08:11:51 2023;Produto 50170, Chourico Carne Corrente [marcaBé!] 500 G, com o preco de 4.990000 foi oferecido!;
Tue May 30 08:11:51 2023;Cliente n 515359 saiu do supermercado;
Tue May 30 08:11:51 2023;Cliente n 515359 saiu da fila da caixa 19;
Tue May 30 08:11:51 2023;Produto 50963, Bolacha Wafer Barquichoco Sd [marcaBé!] 150 G, com o preco de 0.490000 foi oferecido!;
Tue May 30 08:11:51 2023;Cliente n 864894 saiu do supermercado;
Tue May 30 08:11:51 2023;Cliente n 864894 saiu da fila da caixa 19;
Tue May 30 08:11:51 2023;Produto 50195, Chouriçao Fatiado Sd [marcaBé!] 200 G, com o preco de 1.290000 foi oferecido!;
Tue May 30 08:11:51 2023;Cliente n 524982 saiu do supermercado;
Tue May 30 08:11:51 2023;Cliente n 524982 saiu da fila da caixa 19;
Tue May 30 08:11:51 2023;Produto 50515, Miolo Amêndoa Laminado Nat. [marcaBé!] 150 Gr, com o preco de 2.290000 foi oferecido!;
Tue May 30 08:11:51 2023;Cliente n 187787 saiu do supermercado;
Tue May 30 08:11:51 2023;Cliente n 187787 saiu da fila da caixa 19;
Tue May 30 08:11:51 2023;Produto 50527, Miolo De Noz Pedaços [marcaBé!] 150 G, com o preco de 2.190000 foi oferecido!;
Tue May 30 08:11:51 2023;Cliente n 6040 saiu do supermercado;
Tue May 30 08:11:51 2023;Cliente n 6040 saiu da fila da caixa 19;
Tue May 30 08:11:51 2023;Produto 50340, Fiambre Da Perna Extra Fatiado [marcaBé!] 110 G, com o preco de 1.490000 foi oferecido!;
Tue May 30 08:11:51 2023;Cliente n 855812 saiu do supermercado;
Tue May 30 08:11:51 2023;Cliente n 855812 saiu da fila da caixa 19;
Tue May 30 08:11:51 2023;Produto 50892, Pão Integral 8 Cereais Familiar [marcaBé!] 650 Gr, com o preco de 1.910000 foi oferecido!;
Tue May 30 08:11:51 2023;Cliente n 593906 saiu do supermercado;
Tue May 30 08:11:51 2023;Cliente n 593906 saiu da fila da caixa 19;
Tue May 30 08:11:51 2023;Produto 50566, Pera Rocha [marcaBé!] ( Saco 1.5 Kg ) Kg #, com o preco de 1.090000 foi oferecido!;
Tue May 30 08:11:51 2023;Cliente n 608902 saiu do supermercado;
Tue May 30 08:11:51 2023;Cliente n 608902 saiu da fila da caixa 19;
Tue May 30 08:11:51 2023;Produto 51058, Bolacha Agua Sal Pack 3 X [marcaBé!] 125 G, com o preco de 1.940000 foi oferecido!;
Tue May 30 08:11:51 2023;Cliente n 530415 saiu do supermercado;
Tue May 30 08:11:51 2023;Cliente n 530415 saiu da fila da caixa 19;
Tue May 30 08:11:51 2023;Produto 50961, Bolacha Waffers Recheio De Cacau [marcaBé!] 200G, com o preco de 0.650000 foi oferecido!;
Tue May 30 08:11:51 2023;Cliente n 353850 saiu do supermercado;
Tue May 30 08:11:51 2023;Cliente n 353850 saiu da fila da caixa 19;
Tue May 30 08:11:51 2023;Produto 50726, Pecadinhos Recheados Ameixa [marcaBé!] 100 G, com o preco de 2.990000 foi oferecido!;
Tue May 30 08:11:51 2023;Cliente n 331038 saiu do supermercado;
Tue May 30 08:11:51 2023;Cliente n 331038 saiu da fila da caixa 19;
Tue May 30 08:11:51 2023;Produto 50306, Farinheira [marcaBé!] 170 G, com o preco de 1.990000 foi oferecido!;
Tue May 30 08:11:51 2023;Cliente n 865839 saiu do supermercado;
Tue May 30 08:11:51 2023;Cliente n 865839 saiu da fila da caixa 19;
Tue May 30 08:11:51 2023;Produto 50791, Queque De Maça S/Adiçao Açucar :Fab.Proprio Un [marcaBé!], com o preco de 0.550000 foi oferecido!;
Tue May 30 08:11:51 2023;Cliente n 815459 saiu do supermercado;
Tue May 30 08:11:51 2023;Cliente n 815459 saiu da fila da caixa 19;
Tue May 30 08:06:51 2023;Funcionario Maria Raquel Marques Oliveira
 atribuido a caixa 17.;
Tue May 30 08:06:51 2023;Caixa 17 aberta!;
Tue May 30 08:06:51 2023;Funcionario Ana Filipa Castanho Ferreira
 atribuido a caixa 18.;
Tue May 30 08:06:51 2023;Caixa 18 aberta!;
Tue May 30 08:06:51 2023;Funcionario Francisca Margarida Costa atribuido a caixa 19.;
Tue May 30 08:06:51 2023;Caixa 19 aberta!;
Tue May 30 08:01:51 2023;O cliente 815459 colocou no ceste 1 unidade(s) de Queque De Maça S/Adiçao Açucar :Fab.Proprio Un [marcaBé!].;
Tue May 30 08:01:51 2023;Cliente n 815459 entrou no supermercado;
Tue May 30 08:01:51 2023;O cliente 865839 colocou no ceste 1 unidade(s) de F.DA GUARDA [marcaBé!].;
Tue May 30 08:01:51 2023;O cliente 865839 colocou no ceste 1 unidade(s) de Farinheira [marcaBé!] 170 G.;
Tue May 30 08:01:51 2023;Cliente n 865839 entrou no supermercado;
Tue May 30 08:01:51 2023;O cliente 331038 colocou no ceste 1 unidade(s) de Pera Nashi . Kg [marcaBé!].;
Tue May 30 08:01:51 2023;O cliente 331038 colocou no ceste 1 unidade(s) de Pecadinhos Recheados Ameixa [marcaBé!] 100 G.;
Tue May 30 08:01:51 2023;Cliente n 331038 entrou no supermercado;
Tue May 30 08:01:51 2023;O cliente 353850 colocou no ceste 1 unidade(s) de Fiambre Da Perna Extra Fatiado [marcaBé!] 110 G.;
Tue May 30 08:01:51 2023;O cliente 353850 colocou no ceste 1 unidade(s) de Chouriço Carne Extra Picante [marcaBé!] 250G.;
Tue May 30 08:01:51 2023;O cliente 353850 colocou no ceste 1 unidade(s) de Figo Recheado C/Amêndoa Covete [marcaBé!] 220.;
Tue May 30 08:01:51 2023;O cliente 353850 colocou no ceste 1 unidade(s) de Bolacha Waffers Recheio De Cacau [marcaBé!] 200G.;
Tue May 30 08:01:51 2023;Cliente n 353850 entrou no supermercado;
Tue May 30 08:01:51 2023;O cliente 530415 colocou no ceste 1 unidade(s) de Sublime Com Sabor De Morango [marcaBé!] 2 Un.;
Tue May 30 08:01:51 2023;O cliente 530415 colocou no ceste 1 unidade(s) de Fiambre Da Perna Superior Kg [marcaBé!].;
Tue May 30 08:01:51 2023;O cliente 530415 colocou no ceste 1 unidade(s) de Criolo [marcaBé!] 200 G.;
Tue May 30 08:01:51 2023;O cliente 530415 colocou no ceste 1 unidade(s) de Bolacha Agua Sal Pack 3 X [marcaBé!] 125 G.;
Tue May 30 08:01:51 2023;Cliente n 530415 entrou no supermercado;
Tue May 30 08:01:51 2023;O cliente 608902 colocou no ceste 1 unidade(s) de Chouriça De Vinho Casa Da Prisca Kg [marcaBé!].;
Tue May 30 08:01:51 2023;O cliente 608902 colocou no ceste 1 unidade(s) de Chouriço De Carne Porco Branco [marcaBé!] 220 G.;
Tue May 30 08:01:51 2023;O cliente 608902 colocou no ceste 1 unidade(s) de Bolacha Maria Dos Açores Pack [marcaBé!] 150X4.;
Tue May 30 08:01:51 2023;O cliente 608902 colocou no ceste 1 unidade(s) de Pera Rocha [marcaBé!] ( Saco 1.5 Kg ) Kg #.;
Tue May 30 08:01:51 2023;Cliente n 608902 entrou no supermercado;
Tue May 30 08:01:51 2023;O cliente 593906 colocou no ceste 1 unidade(s) de Bolachas Light [marcaBé!] 350 G.;
Tue May 30 08:01:51 2023;O cliente 593906 colocou no ceste 1 unidade(s) de Farinheira Porco Preto [marcaBé!] 160 G.;
Tue May 30 08:01:51 2023;O cliente 593906 colocou no ceste 1 unidade(s) de Sementes De Linhaça.Sesamo E Chia [marcaBé!] 150G.;
Tue May 30 08:01:51 2023;O cliente 593906 colocou no ceste 1 unidade(s) de Pão Integral 8 Cereais Familiar [marcaBé!] 650 Gr.;
Tue May 30 08:01:51 2023;Cliente n 593906 entrou no supermercado;
Tue May 30 08:01:51 2023;O cliente 855812 colocou no ceste 1 unidade(s) de Azeitona Verde C/Pimento 341/360 Taça [marcaBé!] 520G.;
Tue May 30 08:01:51 2023;O cliente 855812 colocou no ceste 1 unidade(s) de Fiambre Da Perna Extra Fatiado [marcaBé!] 110 G.;
Tue May 30 08:01:51 2023;Cliente n 855812 entrou no supermercado;
Tue May 30 08:01:51 2023;O cliente 6040 colocou no ceste 1 unidade(s) de Sementes Linhaça.Girassol E Chia [marcaBé!] 150 G.;
Tue May 30 08:01:51 2023;O cliente 6040 colocou no ceste 1 unidade(s) de Miolo De Noz Pedaços [marcaBé!] 150 G.;
Tue May 30 08:01:51 2023;Cliente n 6040 entrou no supermercado;
Tue May 30 08:01:51 2023;O cliente 187787 colocou no ceste 1 unidade(s) de Alheira Light [marcaBé!] 200 G.;
Tue May 30 08:01:51 2023;O cliente 187787 colocou no ceste 1 unidade(s) de Chouriço [marcaBé!] 130 Gr.;
Tue May 30 08:01:51 2023;O cliente 187787 colocou no ceste 1 unidade(s) de Miolo Amêndoa Laminado Nat. [marcaBé!] 150 Gr.;
Tue May 30 08:01:51 2023;Cliente n 187787 entrou no supermercado;
Tue May 30 08:01:51 2023;O cliente 339179 colocou no ceste 1 unidade(s) de Sublime Com Sabor De Cafe [marcaBé!] 2 Und.;
Tue May 30 08:01:51 2023;O cliente 339179 colocou no ceste 1 unidade(s) de Chouriço Mouro Trad. Soares & Damião [marcaBé!] 200 G.;
Tue May 30 08:01:51 2023;O cliente 339179 colocou no ceste 1 unidade(s) de Farinheira Tradic .Reduzido Teor De Sal [marcaBé!] 200 G.;
Tue May 30 08:01:51 2023;O cliente 339179 colocou no ceste 1 unidade(s) de Croissants Frances [marcaBé!] 4 Un..;
Tue May 30 08:01:51 2023;O cliente 339179 colocou no ceste 1 unidade(s) de Fiambre Corrente Fatias Sd [marcaBé!] 200 Gr.;
Tue May 30 08:01:51 2023;Cliente n 339179 entrou no supermercado;
Tue May 30 08:01:51 2023;O cliente 908594 colocou no ceste 1 unidade(s) de Alheira Detinha Corrente Emb. [marcaBé!] 200 G.;
Tue May 30 08:01:51 2023;Cliente n 908594 entrou no supermercado;
Tue May 30 08:01:51 2023;O cliente 628202 colocou no ceste 1 unidade(s) de Tomate Sulcado Kg [marcaBé!].;
Tue May 30 08:01:51 2023;O cliente 628202 colocou no ceste 1 unidade(s) de Chourição Gran Doblon Fat Tapas [marcaBé!] 80 G.;
Tue May 30 08:01:51 2023;Cliente n 628202 entrou no supermercado;
Tue May 30 08:01:51 2023;O cliente 316633 colocou no ceste 1 unidade(s) de Melão Pele Sapo Kg [marcaBé!].;
Tue May 30 08:01:51 2023;O cliente 316633 colocou no ceste 1 unidade(s) de Physalis Cvt. [marcaBé!] 100 G #.;
Tue May 30 08:01:51 2023;O cliente 316633 colocou no ceste 1 unidade(s) de Pão Forma Sem Codea [marcaBé!] 650 G.;
Tue May 30 08:01:51 2023;O cliente 316633 colocou no ceste 1 unidade(s) de Tartelete Folhada Maçã Un [marcaBé!].;
Tue May 30 08:01:51 2023;Cliente n 316633 entrou no supermercado;
Tue May 30 08:01:51 2023;O cliente 387976 colocou no ceste 1 unidade(s) de Bolacha Granpavesi C/Sal [marcaBé!] 560 G.;
Tue May 30 08:01:51 2023;Cliente n 387976 entrou no supermercado;
Tue May 30 08:01:51 2023;O cliente 421360 colocou no ceste 1 unidade(s) de Pao De Forma 500 G + [marcaBé!] 20% Gratis.;
Tue May 30 08:01:51 2023;Cliente n 421360 entrou no supermercado;
Tue May 30 08:01:51 2023;O cliente 176092 colocou no ceste 1 unidade(s) de Chouriço Mouro Trad. Soares & Damião [marcaBé!] 200 G.;
Tue May 30 08:01:51 2023;O cliente 176092 colocou no ceste 1 unidade(s) de Cajú C/Piripiri [marcaBé!] 250 Gr.;
Tue May 30 08:01:51 2023;O cliente 176092 colocou no ceste 1 unidade(s) de Bacon Fumado Trad [marcaBé!] 280G.;
Tue May 30 08:01:51 2023;Cliente n 176092 entrou no supermercado;
Tue May 30 08:01:51 2023;O cliente 176326 colocou no ceste 1 unidade(s) de Laranja Kg # [marcaBé!].;
Tue May 30 08:01:51 2023;O cliente 176326 colocou no ceste 1 unidade(s) de Tartelettes Redondas Alperce [marcaBé!] 200 G.;
Tue May 30 08:01:51 2023;O cliente 176326 colocou no ceste 1 unidade(s) de Agrião [marcaBé!] 150 Gr.;
Tue May 30 08:01:51 2023;O cliente 176326 colocou no ceste 1 unidade(s) de Pao De Forma C/ Codea Especial Torradas [marcaBé!] 850 G.;
Tue May 30 08:01:51 2023;O cliente 176326 colocou no ceste 1 unidade(s) de Batata Portuguesa [marcaBé!] ( Saco 3 Kg ). Kg.;
Tue May 30 08:01:51 2023;Cliente n 176326 entrou no supermercado;
Tue May 30 08:01:51 2023;O cliente 124879 colocou no ceste 1 unidade(s) de Cocktail Salgado [marcaBé!] 150G.;
Tue May 30 08:01:51 2023;O cliente 124879 colocou no ceste 1 unidade(s) de Alheira Trad S/Gluten [marcaBé!] 180 G.;
Tue May 30 08:01:51 2023;O cliente 124879 colocou no ceste 1 unidade(s) de Bolachas Recheadas C/ Chocolate [marcaBé!] 500 G.;
Tue May 30 08:01:51 2023;O cliente 124879 colocou no ceste 1 unidade(s) de Bolachas Digestive Chocolate [marcaBé!] 300 G.;
Tue May 30 08:01:51 2023;Cliente n 124879 entrou no supermercado;
Tue May 30 08:01:51 2023;O cliente 452781 colocou no ceste 1 unidade(s) de Cana De Açúcar Kg [marcaBé!].;
Tue May 30 08:01:51 2023;Cliente n 452781 entrou no supermercado;
Tue May 30 08:01:51 2023;O cliente 740913 colocou no ceste 1 unidade(s) de Cachaço  [marcaBé!] 270G.;
Tue May 30 08:01:51 2023;O cliente 740913 colocou no ceste 1 unidade(s) de Chouriça Fatiada [marcaBé!] 80G.;
Tue May 30 08:01:51 2023;Cliente n 740913 entrou no supermercado;
Tue May 30 08:01:51 2023;O cliente 85367 colocou no ceste 1 unidade(s) de Chourição Gran Doblon Fat Tapas [marcaBé!] 80 G.;
Tue May 30 08:01:51 2023;O cliente 85367 colocou no ceste 1 unidade(s) de Sublime Com Sabor De Cafe [marcaBé!] 2 Und.;
Tue May 30 08:01:51 2023;O cliente 85367 colocou no ceste 1 unidade(s) de Mist.Cogumelos 1(Marron+Branco +Pleurotus+Erva Arom.) [marcaBé!] 400G.;
Tue May 30 08:01:51 2023;O cliente 85367 colocou no ceste 1 unidade(s) de Azeitonas Oxidada Frasco [marcaBé!] 210 Gr.;
Tue May 30 08:01:51 2023;Cliente n 85367 entrou no supermercado;
Tue May 30 08:01:51 2023;O cliente 726998 colocou no ceste 1 unidade(s) de Biscoitos Esses Sd [marcaBé!] 300 G.;
Tue May 30 08:01:51 2023;O cliente 726998 colocou no ceste 1 unidade(s) de Milho Para Pipocas [marcaBé!] 400 G.;
Tue May 30 08:01:51 2023;O cliente 726998 colocou no ceste 1 unidade(s) de Caldo Verde [marcaBé!] 200 Gr #.;
Tue May 30 08:01:51 2023;O cliente 726998 colocou no ceste 1 unidade(s) de Tosta Integral Grill Bolsão [marcaBé!] 750 Gr.;
Tue May 30 08:01:51 2023;O cliente 726998 colocou no ceste 1 unidade(s) de Tomate Sulcado Kg [marcaBé!].;
Tue May 30 08:01:51 2023;Cliente n 726998 entrou no supermercado;
Tue May 30 08:01:51 2023;O cliente 584677 colocou no ceste 1 unidade(s) de Bolacha Maria Dourada [marcaBé!] 4X200g.;
Tue May 30 08:01:51 2023;O cliente 584677 colocou no ceste 1 unidade(s) de Couve Branca . Kg [marcaBé!].;
Tue May 30 08:01:51 2023;O cliente 584677 colocou no ceste 1 unidade(s) de Minute Bio Salada Vegan [marcaBé!] 125Gr.;
Tue May 30 08:01:51 2023;O cliente 584677 colocou no ceste 1 unidade(s) de Chouriço Carne Fundão Atm.Protetora [marcaBé!] 220 Gr.;
Tue May 30 08:01:51 2023;O cliente 584677 colocou no ceste 1 unidade(s) de Azeitonas Verdes Rech.C/Anchova Selecção [marcaBé!] 150 G.;
Tue May 30 08:01:51 2023;Cliente n 584677 entrou no supermercado;
Tue May 30 08:01:51 2023;O cliente 24076 colocou no ceste 1 unidade(s) de Azeitona Verde [marcaBé!] 360 G.;
Tue May 30 08:01:51 2023;O cliente 24076 colocou no ceste 1 unidade(s) de Bolacha Digestive Diet Nature [marcaBé!] 400 G.;
Tue May 30 08:01:51 2023;O cliente 24076 colocou no ceste 1 unidade(s) de Centro Presunto Serrano Reserva S/O [marcaBé!] 12M Kg.;
Tue May 30 08:01:51 2023;O cliente 24076 colocou no ceste 1 unidade(s) de Morango Kg [marcaBé!].;
Tue May 30 08:01:51 2023;O cliente 24076 colocou no ceste 1 unidade(s) de Cogumelos Para Rechear Cvt [marcaBé!] 250G.;
Tue May 30 08:01:51 2023;Cliente n 24076 entrou no supermercado;
Tue May 30 08:01:51 2023;O cliente 524889 colocou no ceste 1 unidade(s) de Beringela Kg # [marcaBé!].;
Tue May 30 08:01:51 2023;O cliente 524889 colocou no ceste 1 unidade(s) de Lagartos [marcaBé!] 300 Gr.;
Tue May 30 08:01:51 2023;Cliente n 524889 entrou no supermercado;
Tue May 30 08:01:51 2023;O cliente 851079 colocou no ceste 1 unidade(s) de Bolacha Maria Integral [marcaBé!] 200 G.;
Tue May 30 08:01:51 2023;O cliente 851079 colocou no ceste 1 unidade(s) de Pão Forma Sem Codea [marcaBé!] 650 G.;
Tue May 30 08:01:51 2023;O cliente 851079 colocou no ceste 1 unidade(s) de Camu Camu [marcaBé!] 100 G.;
Tue May 30 08:01:51 2023;O cliente 851079 colocou no ceste 1 unidade(s) de Churrasco De Porco Preto Retractil [marcaBé!] 300 G.;
Tue May 30 08:01:51 2023;Cliente n 851079 entrou no supermercado;
Tue May 30 08:01:51 2023;O cliente 524982 colocou no ceste 1 unidade(s) de Alheira De Bacalhau Emb. [marcaBé!] 200 G.;
Tue May 30 08:01:51 2023;O cliente 524982 colocou no ceste 1 unidade(s) de Chouriçao Fatiado Sd [marcaBé!] 200 G.;
Tue May 30 08:01:51 2023;Cliente n 524982 entrou no supermercado;
Tue May 30 08:01:51 2023;O cliente 222909 colocou no ceste 1 unidade(s) de Bolacha Maria Leche [marcaBé!] 4X200g.;
Tue May 30 08:01:51 2023;Cliente n 222909 entrou no supermercado;
Tue May 30 08:01:51 2023;O cliente 864894 colocou no ceste 1 unidade(s) de Centro Presunto Reserva S/Osso Limpo Cura [marcaBé!] 9M Kg.;
Tue May 30 08:01:51 2023;O cliente 864894 colocou no ceste 1 unidade(s) de Chouricao Fatias Frescas [marcaBé!] 200G.;
Tue May 30 08:01:51 2023;O cliente 864894 colocou no ceste 1 unidade(s) de Chouriço De Assar (Vinha D´alho) [marcaBé!] 200 G.;
Tue May 30 08:01:51 2023;O cliente 864894 colocou no ceste 1 unidade(s) de Bolacha Wafer Barquichoco Sd [marcaBé!] 150 G.;
Tue May 30 08:01:51 2023;Cliente n 864894 entrou no supermercado;
Tue May 30 08:01:51 2023;O cliente 220055 colocou no ceste 1 unidade(s) de Azeitona Verde Pet [marcaBé!] 800 G.;
Tue May 30 08:01:51 2023;Cliente n 220055 entrou no supermercado;
Tue May 30 08:01:51 2023;O cliente 390362 colocou no ceste 1 unidade(s) de Chouriçao Fatiado Sd [marcaBé!] 200 G.;
Tue May 30 08:01:51 2023;O cliente 390362 colocou no ceste 1 unidade(s) de Tomate Cherry Negro Kg [marcaBé!].;
Tue May 30 08:01:51 2023;Cliente n 390362 entrou no supermercado;
Tue May 30 08:01:51 2023;O cliente 515359 colocou no ceste 1 unidade(s) de Limão Bio [marcaBé!] 500G Un.;
Tue May 30 08:01:51 2023;O cliente 515359 colocou no ceste 1 unidade(s) de Pão De Leite 10 Un. [marcaBé!] 350 G #.;
Tue May 30 08:01:51 2023;O cliente 515359 colocou no ceste 1 unidade(s) de Inhame Eddoes Kg [marcaBé!].;
Tue May 30 08:01:51 2023;O cliente 515359 colocou no ceste 1 unidade(s) de Chourico Carne Corrente [marcaBé!] 500 G.;
Tue May 30 08:01:51 2023;Cliente n 515359 entrou no supermercado;
Tue May 30 08:01:51 2023;O cliente 57871 colocou no ceste 1 unidade(s) de Azeitona Verde Recheada C/Pimento [marcaBé!] 350 G.;
Tue May 30 08:01:51 2023;O cliente 57871 colocou no ceste 1 unidade(s) de Amendoins No Forno [marcaBé!] 200G.;
Tue May 30 08:01:51 2023;O cliente 57871 colocou no ceste 1 unidade(s) de Couve Chinesa Kg [marcaBé!].;
Tue May 30 08:01:51 2023;O cliente 57871 colocou no ceste 1 unidade(s) de Pistaccios Torrados C/Sal [marcaBé!] 125 G.;
Tue May 30 08:01:51 2023;O cliente 57871 colocou no ceste 1 unidade(s) de Laranja Kg [marcaBé!].;
Tue May 30 08:01:51 2023;Cliente n 57871 entrou no supermercado;
Tue May 30 08:01:51 2023;O cliente 696027 colocou no ceste 1 unidade(s) de Couve Bróculo Bio Emb Kg [marcaBé!].;
Tue May 30 08:01:51 2023;Cliente n 696027 entrou no supermercado;
Tue May 30 08:01:51 2023;O cliente 834854 colocou no ceste 1 unidade(s) de Aloe Vera Desidratada [marcaBé!] 150 G.;
Tue May 30 08:01:51 2023;O cliente 834854 colocou no ceste 1 unidade(s) de Chlorella Em Pó [marcaBé!] 150 G.;
Tue May 30 08:01:51 2023;Cliente n 834854 entrou no supermercado;
Tue May 30 08:01:51 2023;O cliente 530509 colocou no ceste 1 unidade(s) de Coppa Bio [marcaBé!] 80 G.;
Tue May 30 08:01:51 2023;O cliente 530509 colocou no ceste 1 unidade(s) de Bolinhas [marcaBé!] 4 Und Fabrico Próprio.;
Tue May 30 08:01:51 2023;O cliente 530509 colocou no ceste 1 unidade(s) de Batata Portuguesa [marcaBé!] ( Saco 3 Kg ). Kg.;
Tue May 30 08:01:51 2023;O cliente 530509 colocou no ceste 1 unidade(s) de Beringela Kg # [marcaBé!].;
Tue May 30 08:01:51 2023;Cliente n 530509 entrou no supermercado;
Tue May 30 08:01:51 2023;O cliente 188557 colocou no ceste 1 unidade(s) de Cogumelos Shitake Kg [marcaBé!].;
Tue May 30 08:01:51 2023;O cliente 188557 colocou no ceste 1 unidade(s) de Mil Folhas Und [marcaBé!].;
Tue May 30 08:01:51 2023;O cliente 188557 colocou no ceste 1 unidade(s) de Chouriço Regio Ouro Kg [marcaBé!].;
Tue May 30 08:01:51 2023;Cliente n 188557 entrou no supermercado;
Tue May 30 08:01:51 2023;O cliente 242055 colocou no ceste 1 unidade(s) de Couve Branca . Kg [marcaBé!].;
Tue May 30 08:01:51 2023;O cliente 242055 colocou no ceste 1 unidade(s) de Delicia De Lagosta Kg [marcaBé!].;
Tue May 30 08:01:51 2023;O cliente 242055 colocou no ceste 1 unidade(s) de Batata Roxa 24-45 Mm [marcaBé!] 700 G.;
Tue May 30 08:01:51 2023;Cliente n 242055 entrou no supermercado;
Tue May 30 08:01:51 2023;O cliente 170426 colocou no ceste 1 unidade(s) de Azeitonas Verdes Classico [marcaBé!] 420 G.;
Tue May 30 08:01:51 2023;O cliente 170426 colocou no ceste 1 unidade(s) de Morango Kg [marcaBé!].;
Tue May 30 08:01:51 2023;O cliente 170426 colocou no ceste 1 unidade(s) de Bolacha Torrada [marcaBé!] 200 G.;
Tue May 30 08:01:51 2023;O cliente 170426 colocou no ceste 1 unidade(s) de Cajú Frito C/Sal [marcaBé!] 500G.;
Tue May 30 08:01:51 2023;O cliente 170426 colocou no ceste 1 unidade(s) de Farinheira De Porco Preto [marcaBé!] 150 G.;
Tue May 30 08:01:51 2023;Cliente n 170426 entrou no supermercado;
Tue May 30 08:01:51 2023;O cliente 344158 colocou no ceste 1 unidade(s) de Sementes Girassol.Sesamo. Chia [marcaBé!] 150G.;
Tue May 30 08:01:51 2023;Cliente n 344158 entrou no supermercado;
Tue May 30 08:01:51 2023;O cliente 180460 colocou no ceste 1 unidade(s) de Ameixa Seca [marcaBé!] 200Gr.;
Tue May 30 08:01:51 2023;O cliente 180460 colocou no ceste 1 unidade(s) de Fatias Sandwich 10 Un [marcaBé!] 200 G.;
Tue May 30 08:01:51 2023;O cliente 180460 colocou no ceste 1 unidade(s) de Sementes Girassol [marcaBé!] 200 G.;
Tue May 30 08:01:51 2023;O cliente 180460 colocou no ceste 1 unidade(s) de Spirulina [marcaBé!] 150 G.;
Tue May 30 08:01:51 2023;Cliente n 180460 entrou no supermercado;
Tue May 30 08:01:51 2023;O cliente 837855 colocou no ceste 1 unidade(s) de Fiambre Pá Porco [marcaBé!] 170G.;
Tue May 30 08:01:51 2023;O cliente 837855 colocou no ceste 1 unidade(s) de Pleuroto Kg # [marcaBé!].;
Tue May 30 08:01:51 2023;Cliente n 837855 entrou no supermercado;
Tue May 30 08:01:51 2023;O cliente 610894 colocou no ceste 1 unidade(s) de Chourico De Sangue Porco Preto [marcaBé!] 200 G.;
Tue May 30 08:01:51 2023;O cliente 610894 colocou no ceste 1 unidade(s) de Batata Branca P/Assar Saco Kg [marcaBé!].;
Tue May 30 08:01:51 2023;O cliente 610894 colocou no ceste 1 unidade(s) de Bagas De Goji [marcaBé!] 250 G.;
Tue May 30 08:01:51 2023;O cliente 610894 colocou no ceste 1 unidade(s) de Bolacha Wafer Barquinata Sd [marcaBé!] 150 G.;
Tue May 30 08:01:51 2023;O cliente 610894 colocou no ceste 1 unidade(s) de Chourição Castelhano Fatias [marcaBé!] 120 G.;
Tue May 30 08:01:51 2023;Cliente n 610894 entrou no supermercado;
Tue May 30 08:01:51 2023;O cliente 464627 colocou no ceste 1 unidade(s) de Maçã Golden Nacional Kg [marcaBé!].;
Tue May 30 08:01:51 2023;O cliente 464627 colocou no ceste 1 unidade(s) de Nozes C/Casca [marcaBé!] 500 Gr.;
Tue May 30 08:01:51 2023;O cliente 464627 colocou no ceste 1 unidade(s) de Maracujá Roxo Kg [marcaBé!].;
Tue May 30 08:01:51 2023;O cliente 464627 colocou no ceste 1 unidade(s) de Fiambre Da Perna [marcaBé!] 100G.;
Tue May 30 08:01:51 2023;O cliente 464627 colocou no ceste 1 unidade(s) de Azeitona Verde S/Caroço [marcaBé!] 291/320 Taça Pl520 Gr.;
Tue May 30 08:01:51 2023;Cliente n 464627 entrou no supermercado;
Tue May 30 08:01:51 2023;O cliente 353012 colocou no ceste 1 unidade(s) de Pera Nashi . Kg [marcaBé!].;
Tue May 30 08:01:51 2023;O cliente 353012 colocou no ceste 1 unidade(s) de Chouricao Kg [marcaBé!].;
Tue May 30 08:01:51 2023;Cliente n 353012 entrou no supermercado;
Tue May 30 08:01:51 2023;O cliente 849938 colocou no ceste 1 unidade(s) de Couve Lombardo Kg # [marcaBé!].;
Tue May 30 08:01:51 2023;O cliente 849938 colocou no ceste 1 unidade(s) de Chourição Castelhano Fatias [marcaBé!] 120 G.;
Tue May 30 08:01:51 2023;O cliente 849938 colocou no ceste 1 unidade(s) de Farinheira [marcaBé!] 200 G.;
Tue May 30 08:01:51 2023;O cliente 849938 colocou no ceste 1 unidade(s) de Pão Ralado [marcaBé!] 250Gr.;
Tue May 30 08:01:51 2023;O cliente 849938 colocou no ceste 1 unidade(s) de Pao Da Casa Kg Fabrico Próprio [marcaBé!].;
Tue May 30 08:01:51 2023;Cliente n 849938 entrou no supermercado;
Tue May 30 08:01:51 2023;O cliente 154344 colocou no ceste 1 unidade(s) de Chouriço De Carne Cura Natural [marcaBé!] 180 Gr.;
Tue May 30 08:01:51 2023;O cliente 154344 colocou no ceste 1 unidade(s) de Bolacha Cream Cracker C/Sal [marcaBé!] 560 G.;
Tue May 30 08:01:51 2023;O cliente 154344 colocou no ceste 1 unidade(s) de Azeitonas Snacking Estilo Andaluz [marcaBé!] 70 G.;
Tue May 30 08:01:51 2023;Cliente n 154344 entrou no supermercado;
Tue May 30 08:01:51 2023;O cliente 819151 colocou no ceste 1 unidade(s) de Folhado De Espinafres 120Gr [marcaBé!] 2 Un. Ref.208.;
Tue May 30 08:01:51 2023;O cliente 819151 colocou no ceste 1 unidade(s) de Pimento Amarelo Kg [marcaBé!].;
Tue May 30 08:01:51 2023;O cliente 819151 colocou no ceste 1 unidade(s) de Mistura Para Guacamole [marcaBé!] 500G.;
Tue May 30 08:01:51 2023;Cliente n 819151 entrou no supermercado;
Tue May 30 08:01:51 2023;O cliente 868174 colocou no ceste 1 unidade(s) de Chouriço [marcaBé!] 180 Gr.;
Tue May 30 08:01:51 2023;Cliente n 868174 entrou no supermercado;
Tue May 30 08:01:51 2023;O cliente 704419 colocou no ceste 1 unidade(s) de Snack Mirtilo [marcaBé!] 80 Gr.;
Tue May 30 08:01:51 2023;O cliente 704419 colocou no ceste 1 unidade(s) de Fiambre Pá Porco [marcaBé!] 170G.;
Tue May 30 08:01:51 2023;O cliente 704419 colocou no ceste 1 unidade(s) de Chouriço Mouro [marcaBé!] 200 G.;
Tue May 30 08:01:51 2023;O cliente 704419 colocou no ceste 1 unidade(s) de Alheira Peru [marcaBé!] 180 G.;
Tue May 30 08:01:51 2023;O cliente 704419 colocou no ceste 1 unidade(s) de Chourico Corrente [marcaBé!] 200 G.;
Tue May 30 08:01:51 2023;Cliente n 704419 entrou no supermercado;
Tue May 30 08:01:51 2023;O cliente 444750 colocou no ceste 1 unidade(s) de Bolacha Rech Laranja Cober/Choc [marcaBé!] 150G #.;
Tue May 30 08:01:51 2023;Cliente n 444750 entrou no supermercado;
Tue May 30 08:01:51 2023;O cliente 589213 colocou no ceste 1 unidade(s) de Chalotas Emb. [marcaBé!] 250 G.;
Tue May 30 08:01:51 2023;O cliente 589213 colocou no ceste 1 unidade(s) de Chouriço Porco Preto [marcaBé!] 130 Gr.;
Tue May 30 08:01:51 2023;O cliente 589213 colocou no ceste 1 unidade(s) de Folhado De Espinafres 120Gr [marcaBé!] 2 Un. Ref.208.;
Tue May 30 08:01:51 2023;O cliente 589213 colocou no ceste 1 unidade(s) de Fiambre Da Perna Cubos [marcaBé!] 150 G.;
Tue May 30 08:01:51 2023;O cliente 589213 colocou no ceste 1 unidade(s) de Sultanas Dourada [marcaBé!] 250 G.;
Tue May 30 08:01:51 2023;Cliente n 589213 entrou no supermercado;
Tue May 30 08:01:51 2023;O cliente 406722 colocou no ceste 1 unidade(s) de Chourico De Carne Beira Baixa [marcaBé!] 200 G.;
Tue May 30 08:01:51 2023;O cliente 406722 colocou no ceste 1 unidade(s) de Feijão Verde Kg # [marcaBé!].;
Tue May 30 08:01:51 2023;Cliente n 406722 entrou no supermercado;
Tue May 30 08:01:51 2023;O cliente 84340 colocou no ceste 1 unidade(s) de Mamão Cortado Prod Do Dia/Conservar No Frio [marcaBé!].;
Tue May 30 08:01:51 2023;O cliente 84340 colocou no ceste 1 unidade(s) de Amendoim C/Casca Torrado [marcaBé!] 500 Gr.;
Tue May 30 08:01:51 2023;Cliente n 84340 entrou no supermercado;
Tue May 30 08:01:51 2023;O cliente 708557 colocou no ceste 1 unidade(s) de Beringela Kg # [marcaBé!].;
Tue May 30 08:01:51 2023;O cliente 708557 colocou no ceste 1 unidade(s) de Amendoim Frito C/ Sal [marcaBé!] 500 Gr.;
Tue May 30 08:01:51 2023;O cliente 708557 colocou no ceste 1 unidade(s) de Amendoins No Forno [marcaBé!] 200G.;
Tue May 30 08:01:51 2023;O cliente 708557 colocou no ceste 1 unidade(s) de Pecadinhos Recheados Ameixa [marcaBé!] 100 G.;
Tue May 30 08:01:51 2023;O cliente 708557 colocou no ceste 1 unidade(s) de Croissant Doce De Ovos [marcaBé!] 2 Und.;
Tue May 30 08:01:51 2023;Cliente n 708557 entrou no supermercado;
Tue May 30 08:01:51 2023;O cliente 267566 colocou no ceste 1 unidade(s) de Chouriço Regio [marcaBé!] 75 G.;
Tue May 30 08:01:51 2023;O cliente 267566 colocou no ceste 1 unidade(s) de Agastache Anisado [marcaBé!] 30 G.;
Tue May 30 08:01:51 2023;O cliente 267566 colocou no ceste 1 unidade(s) de Chouriço De Cebola Mmm! Serra Da Estrela [marcaBé!] 190G.;
Tue May 30 08:01:51 2023;O cliente 267566 colocou no ceste 1 unidade(s) de Pera Rocha [marcaBé!] ( Saco 1.5 Kg ) Kg #.;
Tue May 30 08:01:51 2023;O cliente 267566 colocou no ceste 1 unidade(s) de Limão Bio [marcaBé!] 500G Un.;
Tue May 30 08:01:51 2023;Cliente n 267566 entrou no supermercado;
Tue May 30 08:01:51 2023;O cliente 925892 colocou no ceste 1 unidade(s) de Folhado Misto Un # [marcaBé!].;
Tue May 30 08:01:51 2023;O cliente 925892 colocou no ceste 1 unidade(s) de Bacon Extr.Fatiado Preço Amigo [marcaBé!] 80G.;
Tue May 30 08:01:51 2023;Cliente n 925892 entrou no supermercado;
Tue May 30 08:01:51 2023;O cliente 226003 colocou no ceste 1 unidade(s) de Sementes Sesamo [marcaBé!] 200 G.;
Tue May 30 08:01:51 2023;O cliente 226003 colocou no ceste 1 unidade(s) de Chouriço Mouro [marcaBé!] 200 G.;
Tue May 30 08:01:51 2023;O cliente 226003 colocou no ceste 1 unidade(s) de Miolo De Noz Pedaços [marcaBé!] 150 G.;
Tue May 30 08:01:51 2023;Cliente n 226003 entrou no supermercado;
Tue May 30 08:01:51 2023;O cliente 887575 colocou no ceste 1 unidade(s) de Caju Frito Muito Baixo Teor Sal [marcaBé!] 150 G.;
Tue May 30 08:01:51 2023;O cliente 887575 colocou no ceste 1 unidade(s) de Toranja Vermelha Kg # [marcaBé!].;
Tue May 30 08:01:51 2023;Cliente n 887575 entrou no supermercado;
Tue May 30 08:01:51 2023;O cliente 508768 colocou no ceste 1 unidade(s) de Bolacha Mega Duo Baunilha [marcaBé!] 500 G.;
Tue May 30 08:01:51 2023;O cliente 508768 colocou no ceste 1 unidade(s) de Tarteletes Choc. Avela 8Un. [marcaBé!] 150 G.;
Tue May 30 08:01:51 2023;O cliente 508768 colocou no ceste 1 unidade(s) de Alperce Kg [marcaBé!].;
Tue May 30 08:01:51 2023;O cliente 508768 colocou no ceste 1 unidade(s) de Pimento Padrao Emb. [marcaBé!] 300 Gr #.;
Tue May 30 08:01:51 2023;O cliente 508768 colocou no ceste 1 unidade(s) de Mamão Kg # [marcaBé!].;
Tue May 30 08:01:51 2023;Cliente n 508768 entrou no supermercado;
Tue May 30 08:01:51 2023;O cliente 634582 colocou no ceste 1 unidade(s) de Chouriço Carne [marcaBé!] 200 G.;
Tue May 30 08:01:51 2023;O cliente 634582 colocou no ceste 1 unidade(s) de Pickles [marcaBé!] 345 G.;
Tue May 30 08:01:51 2023;Cliente n 634582 entrou no supermercado;
Tue May 30 08:01:51 2023;O cliente 478462 colocou no ceste 1 unidade(s) de Caramujo Coberto Unidade Fabrico Propr [marcaBé!].;
Tue May 30 08:01:51 2023;O cliente 478462 colocou no ceste 1 unidade(s) de Fiambre Da Perna Extra Tradicional Kg [marcaBé!].;
Tue May 30 08:01:51 2023;O cliente 478462 colocou no ceste 1 unidade(s) de Côco Fresco Kg [marcaBé!].;
Tue May 30 08:01:51 2023;Cliente n 478462 entrou no supermercado;
Tue May 30 08:01:51 2023;O cliente 722293 colocou no ceste 1 unidade(s) de Chouriça Vinha D´alhos [marcaBé!] 200G.;
Tue May 30 08:01:51 2023;O cliente 722293 colocou no ceste 1 unidade(s) de Bolacha Cream Cracker Original [marcaBé!] 200 G.;
Tue May 30 08:01:51 2023;O cliente 722293 colocou no ceste 1 unidade(s) de Maçã Jonagold Alcobaça Kg [marcaBé!].;
Tue May 30 08:01:51 2023;Cliente n 722293 entrou no supermercado;
Tue May 30 08:01:51 2023;O cliente 572109 colocou no ceste 1 unidade(s) de Salteado De Legumes [marcaBé!] 600 G.;
Tue May 30 08:01:51 2023;Cliente n 572109 entrou no supermercado;
Tue May 30 08:01:51 2023;O cliente 177520 colocou no ceste 1 unidade(s) de Nectarina Kg [marcaBé!].;
Tue May 30 08:01:51 2023;O cliente 177520 colocou no ceste 1 unidade(s) de Bolacha Shortcake [marcaBé!] 185 G.;
Tue May 30 08:01:51 2023;O cliente 177520 colocou no ceste 1 unidade(s) de Miolo Amendoa C/Pele [marcaBé!] 250 Gr.;
Tue May 30 08:01:51 2023;O cliente 177520 colocou no ceste 1 unidade(s) de Pao Da Avo Kg Fabrico Próprio [marcaBé!].;
Tue May 30 08:01:51 2023;O cliente 177520 colocou no ceste 1 unidade(s) de Bolacha Krit Minions [marcaBé!] 175 G.;
Tue May 30 08:01:51 2023;Cliente n 177520 entrou no supermercado;
Tue May 30 08:01:51 2023;O cliente 229425 colocou no ceste 1 unidade(s) de Caju Frito C/Sal [marcaBé!] 125 G.;
Tue May 30 08:01:51 2023;Cliente n 229425 entrou no supermercado;
Tue May 30 08:01:51 2023;O cliente 563029 colocou no ceste 1 unidade(s) de Sopa De Couve Flor [marcaBé!] 700 G.;
Tue May 30 08:01:51 2023;O cliente 563029 colocou no ceste 1 unidade(s) de Fiambre Da Perna Extra Fatiado [marcaBé!] 110 G.;
Tue May 30 08:01:51 2023;Cliente n 563029 entrou no supermercado;
Tue May 30 08:01:51 2023;O cliente 897180 colocou no ceste 1 unidade(s) de Miolo Amendoa Granulado Sqt.100 Gr [marcaBé!].;
Tue May 30 08:01:51 2023;O cliente 897180 colocou no ceste 1 unidade(s) de Farinheira [marcaBé!] 170 G.;
Tue May 30 08:01:51 2023;O cliente 897180 colocou no ceste 1 unidade(s) de Bolacha Maria [marcaBé!] 4X200 G.;
Tue May 30 08:01:51 2023;O cliente 897180 colocou no ceste 1 unidade(s) de Pao De Deus [marcaBé!] 2 Un.;
Tue May 30 08:01:51 2023;Cliente n 897180 entrou no supermercado;
Tue May 30 08:01:51 2023;O cliente 272902 colocou no ceste 1 unidade(s) de Fiambre Da Perna Fatias Finas Sd [marcaBé!] 150 G.;
Tue May 30 08:01:51 2023;O cliente 272902 colocou no ceste 1 unidade(s) de Bolacha Agua E Sal [marcaBé!] 125 G.;
Tue May 30 08:01:51 2023;O cliente 272902 colocou no ceste 1 unidade(s) de Tomilho Limao [marcaBé!] 15 G.;
Tue May 30 08:01:51 2023;O cliente 272902 colocou no ceste 1 unidade(s) de Salteado De Legumes [marcaBé!] 600 G.;
Tue May 30 08:01:51 2023;O cliente 272902 colocou no ceste 1 unidade(s) de Azeitonas Verdes Recheadas C/Pimento [marcaBé!] 150G.;
Tue May 30 08:01:51 2023;Cliente n 272902 entrou no supermercado;
Tue May 30 08:01:51 2023;O cliente 505556 colocou no ceste 1 unidade(s) de Miolo Amêndoa S/Pele [marcaBé!] 250 Gr.;
Tue May 30 08:01:51 2023;O cliente 505556 colocou no ceste 1 unidade(s) de Chouriço Vela Picante Kg [marcaBé!].;
Tue May 30 08:01:51 2023;O cliente 505556 colocou no ceste 1 unidade(s) de Torta Recheio Sabor A Morango [marcaBé!] 300Gr.;
Tue May 30 08:01:51 2023;Cliente n 505556 entrou no supermercado;
Tue May 30 08:01:51 2023;O cliente 750215 colocou no ceste 1 unidade(s) de Alperce Kg [marcaBé!].;
Tue May 30 08:01:51 2023;O cliente 750215 colocou no ceste 1 unidade(s) de Chouriço Peru Kg [marcaBé!].;
Tue May 30 08:01:51 2023;O cliente 750215 colocou no ceste 1 unidade(s) de Sementes Girassol.Sesamo. Chia [marcaBé!] 150G.;
Tue May 30 08:01:51 2023;O cliente 750215 colocou no ceste 1 unidade(s) de Tomate Sulcado Kg [marcaBé!].;
Tue May 30 08:01:51 2023;O cliente 750215 colocou no ceste 1 unidade(s) de Azeitona Verde Fatiada [marcaBé!] 360 G.;
Tue May 30 08:01:51 2023;Cliente n 750215 entrou no supermercado;
Tue May 30 08:01:51 2023;O cliente 328047 colocou no ceste 1 unidade(s) de Pão De Hambúrguer Médio Brioche Un. [marcaBé!].;
Tue May 30 08:01:51 2023;O cliente 328047 colocou no ceste 1 unidade(s) de Ferradura Chocolate Un Refº [marcaBé!] 45260.;
Tue May 30 08:01:51 2023;Cliente n 328047 entrou no supermercado;
Tue May 30 08:01:51 2023;O cliente 281939 colocou no ceste 1 unidade(s) de Chouriço Extra Peru Curado [marcaBé!] 80 G.;
Tue May 30 08:01:51 2023;O cliente 281939 colocou no ceste 1 unidade(s) de Chouriço De Carne Extra Picante [marcaBé!] 250 G.;
Tue May 30 08:01:51 2023;Cliente n 281939 entrou no supermercado;
Tue May 30 08:01:51 2023;O cliente 181703 colocou no ceste 1 unidade(s) de Bolacha Digestive [marcaBé!] 400 G.;
Tue May 30 08:01:51 2023;O cliente 181703 colocou no ceste 1 unidade(s) de Pevide De Girassol Torrada C/Sal [marcaBé!] 200 G.;
Tue May 30 08:01:51 2023;O cliente 181703 colocou no ceste 1 unidade(s) de Grelos Nabo Kg [marcaBé!].;
Tue May 30 08:01:51 2023;O cliente 181703 colocou no ceste 1 unidade(s) de Batata Vermelha P/Assar Saco Kg [marcaBé!].;
Tue May 30 08:01:51 2023;O cliente 181703 colocou no ceste 1 unidade(s) de Pickles [marcaBé!] 350 G #.;
Tue May 30 08:01:51 2023;Cliente n 181703 entrou no supermercado;
Tue May 30 08:01:51 2023;O cliente 586038 colocou no ceste 1 unidade(s) de Nozes:Kg [marcaBé!].;
Tue May 30 08:01:51 2023;O cliente 586038 colocou no ceste 1 unidade(s) de Farinheira Porco Preto [marcaBé!] 160 G.;
Tue May 30 08:01:51 2023;O cliente 586038 colocou no ceste 1 unidade(s) de Chourico Iberico Fatias [marcaBé!] 100 G.;
Tue May 30 08:01:51 2023;O cliente 586038 colocou no ceste 1 unidade(s) de Tomate Kg [marcaBé!].;
Tue May 30 08:01:51 2023;Cliente n 586038 entrou no supermercado;
Tue May 30 08:01:51 2023;O cliente 562655 colocou no ceste 1 unidade(s) de Bolacha Granpavesi C/Sal [marcaBé!] 560 G.;
Tue May 30 08:01:51 2023;O cliente 562655 colocou no ceste 1 unidade(s) de Bolo Laranja [marcaBé!] 400 G.;
Tue May 30 08:01:51 2023;Cliente n 562655 entrou no supermercado;
Tue May 30 08:01:51 2023;O cliente 506889 colocou no ceste 1 unidade(s) de Cream Cracker [marcaBé!] 3X200 G.;
Tue May 30 08:01:51 2023;O cliente 506889 colocou no ceste 1 unidade(s) de Bolacha Cream Cracker Integral [marcaBé!] 200 G.;
Tue May 30 08:01:51 2023;O cliente 506889 colocou no ceste 1 unidade(s) de Bolachas Aros Cobertas Choco Leite [marcaBé!] 150 G.;
Tue May 30 08:01:51 2023;O cliente 506889 colocou no ceste 1 unidade(s) de Supremas De Chocolate [marcaBé!] 275 Gr.;
Tue May 30 08:01:51 2023;O cliente 506889 colocou no ceste 1 unidade(s) de Entremeada Salgada [marcaBé!] 250Gr.;
Tue May 30 08:01:51 2023;Cliente n 506889 entrou no supermercado;
Tue May 30 08:01:51 2023;O cliente 331038 colocou no ceste 1 unidade(s) de Bolachas Gengibre [marcaBé!] 250 G.;
Tue May 30 08:01:51 2023;O cliente 331038 colocou no ceste 1 unidade(s) de Torta Recheio Sabor A Nata [marcaBé!] 300Gr.;
Tue May 30 08:01:51 2023;O cliente 331038 colocou no ceste 1 unidade(s) de Chouriço Extra Peru Curado [marcaBé!] 80 G.;
Tue May 30 08:01:51 2023;O cliente 331038 colocou no ceste 1 unidade(s) de Pera Conferencia . Kg [marcaBé!].;
Tue May 30 08:01:51 2023;O cliente 331038 colocou no ceste 1 unidade(s) de Farinheira Receita Tradicional [marcaBé!] 200 G.;
Tue May 30 08:01:51 2023;Cliente n 331038 entrou no supermercado;
Tue May 30 08:01:51 2023;O cliente 219076 colocou no ceste 1 unidade(s) de Pecadinhos Recheados Ameixa [marcaBé!] 100 G.;
Tue May 30 08:01:51 2023;O cliente 219076 colocou no ceste 1 unidade(s) de Pao De Forma Normal [marcaBé!] 460 G.;
Tue May 30 08:01:51 2023;Cliente n 219076 entrou no supermercado;
Tue May 30 08:01:51 2023;O cliente 858756 colocou no ceste 1 unidade(s) de Azeitonas Classico [marcaBé!] 220 G.;
Tue May 30 08:01:51 2023;O cliente 858756 colocou no ceste 1 unidade(s) de Morango/Chocolate [marcaBé!] 40G.;
Tue May 30 08:01:51 2023;Cliente n 858756 entrou no supermercado;
Tue May 30 08:01:51 2023;O cliente 475174 colocou no ceste 1 unidade(s) de Bolachas Aros Cobertas Choco Branco [marcaBé!] 150 G.;
Tue May 30 08:01:51 2023;Cliente n 475174 entrou no supermercado;
Tue May 30 08:01:51 2023;O cliente 26584 colocou no ceste 1 unidade(s) de Tomate Chucha Kg [marcaBé!].;
Tue May 30 08:01:51 2023;O cliente 26584 colocou no ceste 1 unidade(s) de Tomate Kg [marcaBé!].;
Tue May 30 08:01:51 2023;O cliente 26584 colocou no ceste 1 unidade(s) de Fava C/ Sal [marcaBé!] 250 G.;
Tue May 30 08:01:51 2023;Cliente n 26584 entrou no supermercado;
Tue May 30 08:01:51 2023;O cliente 179430 colocou no ceste 1 unidade(s) de Batata [marcaBé!] 500 Gr.;
Tue May 30 08:01:51 2023;O cliente 179430 colocou no ceste 1 unidade(s) de Farinheira [marcaBé!] 200 G.;
Tue May 30 08:01:51 2023;O cliente 179430 colocou no ceste 1 unidade(s) de Chourico Mouro Beira Beixa [marcaBé!] 200 G.;
Tue May 30 08:01:51 2023;Cliente n 179430 entrou no supermercado;
Tue May 30 08:01:51 2023;Supermercado carregado com sucesso!;
Tue May 30 08:00:11 2023;Supermercado inicializado com sucesso!;
